Item,Qty,Ref,Value / MPN,Package,DNP,Note
1,1,U1,ESP32-C3-MINI-1-N4,Module,,"BLE + TWAI；天线朝板上沿，Keepout ≥4mm"
2,1,U2,SN65HVD230DR,SOIC-8,,3.3V CAN；可替 VP230
3,1,U5,MP2315GJ,TSOT23-8,,"Buck → 5.0V。8 脚：AAM/IN/SW/GND/BST/EN/VCC/FB。不是 SOT23-6"
4,1,U6,AP2112K-3.3TRG1,SOT23-5,,LDO 3.3V；EN 必须接 IN，悬空可能无输出
5,1,D1,SS34,SMA,,防反
6,1,D2,SMAJ24A,SMA,,"12V 负载突降；24V 车改 SMAJ33A 并换 55V Buck"
7,1,D3,SS14,SMA,DNP,可选：USB VBUS 或入 +5V，方便只插 USB 刷机
8,1,F1,1A 1206 fuse,1206,,或 0.5A PPTC
9,1,J1,USB-C 16P,TYPE-C-16P-0.5,,"D+=GPIO19 D-=GPIO18；CC1/CC2=5.1k"
10,1,J2,JST-PH 2.0 2P,PH-2P,,CAN 出线：默认枪 S+/S-
11,1,JP1,Header 2x3 2.54,2x3,,"跳线二选一：1-2+4-5=枪；2-3+5-6=OBD"
12,1,SW1,轻触 3x4x2,TS-1187A,,BOOT → GPIO9
13,1,SW2,轻触 3x4x2,TS-1187A,,RST → EN
14,1,LED1,绿 0603,0603,,GPIO10 灌电流
15,2,R1 R2,5.1k,0402,,USB-C CC1 / CC2
16,1,R3,10k,0402,,C3 EN 上拉
17,1,R4,10k,0402,,GPIO9 BOOT 上拉
18,1,R5,10k,0402,,GPIO8 上拉（strapping）
19,1,R6,1k,0402,,LED 限流
20,1,R7,0R,0402,,HVD230 Rs→GND 高速
21,1,R8,51k,0402,,MP2315 FB 上（Vref≈0.8V → 约 4.88V；可改 52.3k 贴近 5.0V）
22,1,R9,10k,0402,,MP2315 FB 下
23,1,R11,100k,0402,,MP2315 AAM→GND（轻载；要强制 CCM 则改接 VCC）
24,1,R12,100k,0402,,MP2315 EN→IN
25,1,R13,0R,0402,,AP2112K EN→IN
26,1,Rterm,120R 1%,0603,DNP,跨在 CANH–CANL 之间，不是对地
27,1,C1,10uF 50V,0805,,VIN
28,1,C2,22uF 16V,0805,,5V 输出
29,2,C3 C4,10uF 10V,0603,,3V3 / 模块 3V3
30,6,C5-C10,100nF,0402,,去耦
31,1,C11,10nF,0402,,HVD230 Vref→GND
32,1,C12,10uF 10V,0603,,模块附近
33,1,C13,100nF 50V,0402,,MP2315 BST↔SW（可串 20Ω）
34,1,C14,100nF,0402,,MP2315 VCC，≤0.22uF
35,1,C15,1uF,0402,,C3 EN 到地（上电复位）
36,1,L1,4.7uH 2A,4x4,,MP2315 SW→+5V
37,1,U7,PESD1CAN,SOT23,,CANH/CANL ESD
38,1,-,OBD 公头线束,线束,,"16=VIN 4/5=GND；可选 6/14 到 JP1 车侧"
39,1,-,PH2.0 对插线+夹子,线束,,夹充电枪 S+ / S-
40,4,-,定位孔 φ2.0,—,,"四角；与双路同孔，可共壳"
